{
  "slideAnalysis": [
    {
      "slideNumber": 1,
      "analysis": "이번 강의의 도입부에서는 ‘한국에서 인터넷 기반 기업 교육’이라는 주제를 중심으로, 현대 경영 환경에서의 디지털 교육의 학문적 기반과 이론적 전개 과정을 살펴보겠습니다. 우선, ‘인터넷 기반 기업 교육’은 정보통신 기술(ICT)의 발전과 함께 시간과 공간의 제약을 극복하고자 등장한 교육 방식으로 정의됩니다. 이 개념은 전통적인 집체식 교육과 비교할 때, 온라인 플랫폼을 활용함으로써 신속하고 효율적인 지식 전달 및 학습 환경 제공에서 그 강점을 나타냅니다. 학문적으로, 이러한 접근법은 네트워크 경제 이론과 정보 비대칭성 해소 논의(Arrow, 1963; Klein, 1996)와도 연결되어 있으며, 디지털 전환의 사회경제적 파급 효과에 대한 분석에서 중요한 변수로 작용합니다.\n\n또한, 인터넷 기반 교육은 전자 학습(e-learning)이라는 역사적 발전 과정을 거치며 성숙해왔습니다. 1990년대 후반부터 시작되어 초창기에는 단순 온라인 강의 형태로 제공되다가, 최근에는 MOOC 등 다양한 형식의 비동기 및 동기 학습이 결합된 혼합형 학습 모델로 진화하였습니다. 이와 같은 변화는 사용자 인터페이스, 멀티미디어 콘텐츠, 그리고 상호작용적 학습 관리 시스템(LMS) 등 기술 발전과 함께 심도 있는 교육 심리학 연구(Anderson, 2008; Clark & Mayer, 2016)의 결과물로도 평가됩니다.\n\n더불어, 기업 교육의 목적은 단순히 직원들의 지식 전달에 그치지 않고, 조직 내 인적 자원 개발(HRD)을 통한 경쟁력 강화 및 전략적 혁신에 기여하는 데 있습니다. 이 점에서, 기업 교육은 ‘광의의 정의’와 ‘협의의 정의’를 동시에 내포하며, 전통적 강의 위주의 교육 방식과는 달리, 참여자 중심의 체험학습, 문제 해결 중심의 학습(PBL: Problem-Based Learning) 등 다양한 접근법이 종합적으로 적용됩니다. 이러한 전개 과정은 학문적 담론에서 인적 자원 개발의 중요성을 강조한 연구들(예, Beardwell & Holden, 2001; Noe, 2010)과 밀접한 관련이 있으며, 이론적으로도 HRD 전략과 조직 학습 이론(Senge, 1990)와 정학하게 연계되어 해석될 수 있습니다.\n\n현재 제시된 이미지 자료에서는 기업 교육에 사용되는 주요 용어 및 개념들이 명료하게 드러나 있으며, 기업 교육의 기술적, 제도적 측면에 대한 기본적 이해를 제공하고 있습니다. 또한, 이 자료는 교육의 디지털 전환이라는 시대적 현상과 관련 정부 정책, 산업 구조 변화 간의 상호작용을 암시하고 있으며, 이는 후속 슬라이드에서 다루어질 보다 구체적인 실증 자료와 연구 결과들을 위한 기초 자료로도 기능합니다. 예를 들어, 전통적인 오프라인 교육과 비교하여, 인터넷 기반 교육이 제공하는 유연성, 접근성, 그리고 비용 효율성은 상당한 실증적 증거를 통해 논의되어 왔으며(Allen & Seaman, 2013), 이러한 연구 결과들은 정책 입안과 경영 전략 수립에 있어 중요한 학문적 근거로 제시됩니다.\n\n한편, 이론적 틀로서 네트워크 효과(Network effects)와 지식 경제(Knowledge Economy) 이론은 인터넷 기반 교육이 단순한 기술적 도구를 넘어 조직 내 혁신 촉진 도구로 작용함을 설명하는 데 중요한 역할을 합니다. 네트워크 경제는 각 참여자들이 상호 작용하며 지식을 축적하는 과정을 통해 비선형적인 학습 효과를 유도하며, 이는 기업의 지속 가능한 경쟁 우위 창출에 기여합니다(Shapiro & Varian, 1999). 또한, 이러한 교육 방식은 비용 절감 효과뿐 아니라, 학습자의 자기주도적 학습 및 상호 소통 강화라는 측면에서 교육 효과성을 높이는 주요 요인으로 평가됩니다.\n\n결론적으로, 본 도입부에서는 인터넷 기반 기업 교육의 개념, 역사, 그리고 이론적 기반을 학문적으로 면밀히 분석함으로써, 이후 강의에서 다루어질 다양한 사례와 정책, 그리고 실증 연구 결과에 대한 이해의 기초를 마련하고자 하였습니다. 이를 통해 우리는 디지털 전환 시대의 교육 패러다임 변화와 그에 따른 학문적 논의를 심도 있게 전개할 수 있을 것입니다."
    },
    {
      "slideNumber": 2,
      "analysis": "이어서 강의에서는 제시된 ‘목차’ 이미지를 통해 본 강의의 전체적인 구조와 흐름을 미리 안내받게 됩니다. 목차는 단순한 제목 이상의 역할을 하며, 각 주제와 이론이 유기적으로 연결되어 있다는 점을 암시합니다. 목차는 학문적 토론에서 논의될 주요 개념들, 연구 방법론, 그리고 데이터 해석 과정 등을 체계적으로 배열하고 있으며, 이는 강의의 나머지 부분에서도 일관된 분석 틀을 적용한다는 점에서 의미가 큽니다.\n\n목차 자체는 구체적 데이터나 실험 결과를 담고 있지는 않으나, 강의 전개에 앞서 참석자들에게 전체적인 연구 범위와 논의의 방향을 제시하는 중요한 역할을 합니다. 예를 들어, 이후 슬라이드에서는 기업 교육의 역사, 이러닝의 발전 과정, 제도와 정책의 변천사를 구체적 사례와 통계적 분석을 바탕으로 심도 있게 다루며, 각 단계별로 실증 연구와 이론적 논의가 어떻게 연결되는지를 살펴볼 예정입니다. 이와 같이 목차는 학문적 논조와 분석 방향 설정에 있어 청중의 이해도를 높이는 동시에, 체계적인 논문이나 연구 보고서에서 목차가 가지는 분류 및 조직화 기능과도 동일한 역할을 수행합니다.\n\n특히, 기존 연구 사례와 다수의 학술 문헌에 근거하여, 현재 발표되고 있는 주제들은 단순히 이론적 개념을 나열하는 수준을 넘어, 실제 기업 현장에서의 적용과 정책적 효과에 대한 검증 과정을 포함하고 있습니다. 이러한 접근은 조직 학습, HRD 및 경영 전략 분야에서의 전통적 논의와도 일맥상통하며, 학자들이 강조하는 ‘경험적 검증’의 필요성을 반영하고 있습니다.\n\n따라서, 본 강의의 목차는 이후 단계에서 다루게 될 세부 주제들을 조망해볼 때, 전체 흐름과 학문적 일관성을 확보하는 데 중요한 고리 역할을 하며, 이를 통해 학습자들은 각 주제 사이의 연계성을 자연스럽게 이해할 수 있을 것입니다."
    },
    {
      "slideNumber": 3,
      "analysis": "다음으로, 기업 교육의 정의와 분석을 중심으로 기업 교육의 개념적 확장을 살펴보겠습니다. 기업 교육은 본질적으로 조직의 경영 목표와 전략적 경쟁력 강화를 위해 직원들의 역량을 체계적으로 개발하는 과정입니다. 협의적으로는 기업 내부에서 임직원의 전문 지식 및 실무 능력 강화를 위한 특정 교육 프로그램으로 이해되며, 광의적으로는 기업이 인적 자원 개발을 통한 지속 가능한 성장 및 조직 문화 형성에 기여하는 모든 활동을 포함합니다. 이러한 구분은 인적 자원 개발(HRD)과 조직 학습 이론(Senge, 1990; Noe, 2010)의 학문적 논의를 반영하며, 기업교육의 범위와 목적에 대한 다양한 해석을 가능하게 합니다.\n\n또한, 기업 교육은 단순한 기술 전달을 넘어서, 개인 및 조직의 역량 강화, 경력 개발, 리더십 개발 등의 다양한 측면에서 접근되어 왔습니다. 특히, ATD(Association for Talent Development)가 제시한 70:20:10 모델은 학습의 70%는 실제 업무 경험, 20%는 동료와의 상호작용, 10%는 공식 교육을 통해 이루어진다는 점을 강조함으로써, 이론적 및 실천적 교육 접근법의 균형을 도모합니다. 이 모델은 HRD 분야에서 폭넓게 인용되고 있으며, 기업 내 교육 프로그램 설계 시 핵심 참고 자료로 활용되고 있습니다.\n\n강의에서 강조하는 바와 같이, 기업 교육은 단순히 지식 전달 수단을 넘어 조직의 전략적 자원으로서 기능합니다. 즉, 각 기업은 변화하는 산업 환경에 대응하기 위해 교육 프로그램을 설계하며, 이는 장기적인 기업 경쟁력 확보와 직접적으로 연결됩니다. 기업 교육의 발전은 1960년대 한국의 산업화 과정과 정부 주도의 경제 개발 정책에서 기원하여, 대면 수업에서부터 현재의 디지털 교육 플랫폼에 이르기까지 지속적으로 진화해왔습니다. 이러한 역사적 흐름은 관련 학술 문헌(예: Becker, 1964; Armstrong, 2006)에서 다방면으로 분석되어 왔으며, 그 과정에서 나타난 교육 방식의 다변화와 질적 향상은 기업 경영 전략의 핵심 이슈로 자리 잡았습니다.\n\n따라서 이 부분에서는 기업 교육의 정의 및 유형, 그리고 그 본질적 목표와 전략적 의의를 심도 있게 고찰함으로써, 후속 강의에서 다루게 될 인터넷 도입 이후의 변화와 디지털 전환 전략에 대한 이해의 토대를 마련하고자 합니다."
    },
    {
      "slideNumber": 4,
      "analysis": "이어서 우리는 한국 내 기업 교육의 역사적 발전 양상을 중심으로 1960년대 산업화 시기의 교육 제도 및 정부 정책의 영향을 상세히 분석합니다. 1960년대 이후 한국 경제는 급속한 산업화와 고도 성장을 이루었으며, 이러한 배경 속에서 대기업 주도의 기술 훈련과 정부의 ‘직업훈련기본법’ 제정을 통해 체계적인 인력 양성 시스템이 구축되었습니다. 이 시기의 기업 교육은 주로 실무 중심의 직무 교육과 관리자를 대상으로 한 현장 중심의 연수 프로그램 등으로 구성되어, 경제 성장의 기반을 다지는 역할을 수행했습니다.\n\n학문적으로 이와 같은 접근은 국가 주도의 산업 정책 및 교육 제도의 발전과 밀접한 관련이 있으며, 특히 구조조정, 인적 자원 개발, 조직 변화와 같은 경영 전략 연구에서 중요한 사례로 다뤄집니다. 산업화 초기 단계의 교육 프로그램은, 정부와 대기업이 협력하여 인재 육성 시스템을 구축한 대표적 예로, 조직 이론과 정부 정책 분석(Porter, 1990; Chandler, 1977)의 맥락 속에서 이해될 수 있습니다. 당시 강조되었던 기술 교육은 기계, 품질, 공정 관리 등 실무 능력 강화에 집중되었으며, 이는 한국 경제의 고도 성장기를 견인한 핵심 동력으로 평가됩니다.\n\n또한, 이 시기의 교육 방식은 이론적 교육보다는 기술 실습과 직업 현장에서 요구되는 실무 지식 전달에 초점을 맞추었기 때문에, 학문적으로도 ‘실천적 지식’과 ‘암묵적 지식’의 전달 방식에 관한 논의와 연결됩니다. 이후의 연구에서는 이러한 실무 중심 교육이 기업의 경쟁력 강화에 미친 영향을 계량적으로 분석한 사례들도 다수 보고되고 있으며, 이를 통해 학문적 엄밀성 및 실증적 근거를 확보할 수 있었습니다.\n\n요약하자면, 이 부분에서는 산업화 초창기 한국의 기업 교육이 정부 주도의 정책과 대기업 중심의 기술훈련이라는 구조적 특성을 가졌음을 확인하며, 이러한 역사적 맥락이 오늘날의 기업 교육과 HRD 체계 형성에 미친 영향에 대해 심도 있게 논의합니다. 이를 통해 우리는 기업 교육의 역사적 발전이 어떻게 조직의 전략과 변화 관리에 기여해 왔는지를 학문적으로 재조명할 수 있습니다."
    },
    {
      "slideNumber": 5,
      "analysis": "다음으로, 인터넷 도입 이전의 기업 교육 현황, 특히 1980년대에서 1990년대에 걸친 교육 패러다임의 변천사를 살펴보겠습니다. 이 시기에는 산업의 급격한 발전과 더불어 중화학공업 및 전자산업의 성장에 따른 전문 인력 수요가 증가함에 따라, 대기업은 장기 신입교육 과정을 도입하고 체계적인 교육 프로그램을 운영하기 시작하였습니다. 이러한 교육 체제는 기업 내부에서 인재 육성의 필요성이 절실해진 결과로, 당시의 교육 방식과 산업 정책 사이의 밀접한 연관성을 학문적으로 설명하는 대표적 사례로 남아 있습니다.\n\n학계에서는 1997년 외환위기 이후 기업 교육의 방향 전환에 주목해 왔는데, 이 시기를 기점으로 OJT(On-the-Job Training) 및 성과 중심 교육으로 전환하는 움직임이 관찰되었습니다. 또한, 1990년대 중반 등장한 멀티미디어 및 컴퓨터 기반 교육(CBT)은 교육의 질적 향상을 도모하고자 한 변화로, 기술 발전과 함께 교육의 디지털 전환 가능성을 예고하였습니다. 이러한 변화를 분석함에 있어, 기업 교육의 진화 과정을 시간의 흐름에 따라 단계별로 구분하고, 각 단계에서 나타난 기술적, 정책적 특성을 학문적으로 해석하는 것은 매우 중요한 연구 주제입니다.\n\n이와 같이, 1980년대와 1990년대에 이르러 기업 교육은 전통적인 대면 교육에서 벗어나, 점진적으로 본격적인 기술 도입을 통한 현대적 교육 방식으로 전환되었으며, 이러한 변화는 경영 전략과 인적 자원 개발 분야에서 실증 연구로 뒷받침되고 있습니다. 다양한 학술 문헌에서는 이 시기의 교육 전환 현상에 대해 기술 발전, 경제 위기, 그리고 글로벌 표준 도입의 상호 작용을 통해 분석하고 있으며, 이는 한국 기업 교육의 특수성을 이해하는 데 중요한 이론적 틀을 제공합니다.\n\n종합적으로, 이 부분은 기존의 산업 발전과 기술 혁신이 기업 교육에 어떠한 영향을 미쳤는지를 탐구함과 동시에, 이후 디지털 전환 시기의 본격적 변화를 예고하는 중요한 기점으로서 역할을 수행합니다. 이를 통해 우리는 교육 패러다임의 변화가 기업 경영 전략에 미친 장기적 영향을 학문적으로 재조명할 수 있습니다."
    },
    {
      "slideNumber": 6,
      "analysis": "다음으로는 기술 발전에 따른 시청각 교육과 컴퓨터 기반 교육(CBT)의 발전 과정을 중심으로, 기업 교육의 방법론적 진화를 살펴봅니다. 초기 시청각 교육은 비디오테이프와 같은 매체를 활용하여 학습자의 이해를 돕는 역할을 수행하였으며, 1980년대부터 이와 같은 매체 기반 교육이 보편화되었습니다. 이후 1990년대에 들어 PC 보급과 함께 등장한 CBT는, 디지털 매체를 통해 교육 콘텐츠를 보다 체계적이고 반복적으로 제공함으로써 학습의 효율성을 극대화하는 데 기여하였습니다.\n\n학문적 연구에서는 이러한 기술적 진화가 학습 이론, 특히 인지 부하 이론(Cognitive Load Theory)과 학습자 중심 설계(learner-centered design)와 어떻게 연계되는지를 심도 있게 다루고 있습니다. 기술의 발전은 교육 매체의 변화뿐만 아니라, 교육의 질적 향상에도 중요한 영향을 미쳤으며, 이는 기업 교육의 효과성을 평가하는 다수의 실증 연구(Clark & Mayer, 2016; Mayer, 2009)에서 그 가치를 확인할 수 있습니다. 이러한 연구들은 기술 도입 초기의 한계를 극복하고, 학습 참여도 및 이해도 증진을 위한 전략들을 체계적으로 검토해왔습니다.\n\n또한, CBT의 발전 과정은 학습 자료 개발과 평가, 그리고 피교육자 간 상호작용의 새로운 패러다임을 제시하는 데 중요한 역할을 하였습니다. 조직 내에서 실시된 다양한 교육 프로그램들은 기술의 도입과 함께 교육 참여율 및 학습 성과의 향상을 입증해왔으며, 이와 같은 연구 결과는 기업들이 교육 프로그램을 통해 비용 대비 효과를 극대화하고자 하는 전략적 노력과 직접적으로 연결됩니다.\n\n요약하자면, 이 부분에서는 시청각 교육과 CBT의 발전 단계를 통해, 기술적 진보가 기업 교육의 구조와 운영 방식에 미친 영향을 명확하게 보여주고 있습니다. 이러한 방법론적 접근은 이후의 강의 내용, 즉 인터넷 도입 이후의 교육 변화와 디지털 학습 프로그램의 발전에 대한 이해의 초석이 될 것입니다."
    },
    {
      "slideNumber": 7,
      "analysis": "이번 구간에서는 원격훈련 제도의 정립과 고용보험 및 관련 법률이 기업 교육의 발전에 미친 영향에 대해 집중적으로 분석합니다. 원격훈련은 정보통신 기술을 활용하여 지리적 제약 없이 교육 활동을 수행하는 체계로 정의되며, 이는 고용보험 제도와 ‘근로자직업훈련촉진법’ 등 관련 법률의 제정과 함께 구조화되었습니다. 이러한 제도적 발전은 노동자의 직업 능력 개발과 함께, 국가적 차원의 인력 양성 정책에 있어 중추적 역할을 수행하게 됩니다.\n\n학문적으로, 원격훈련 제도의 정립은 정부의 정책 실험과 시범사업을 통한 검증 과정을 거치며, 제도적 안정성을 확보하는 동시에 다양한 교육 형태(자체교육, 위탁교육, 인터넷훈련, 우편통신훈련 등)로 확장되었습니다. 1995년에서 2001년 사이 제도적 변화 과정을 통해 나타난 다양한 사례들은, 노동시장 구조 변화와 함께 기업 교육의 혁신적 전환을 설명하는 중요한 학술 자료로 인용되어 왔습니다. 이와 같이, 원격훈련은 단순한 교육 수단에서 벗어나, 제도적이며 체계적인 인적 자원 개발의 한 방법론으로 자리잡음으로써, 교육 정책의 근본적 재편을 도모하였습니다.\n\n또한, 법적 기반의 확립은 이론적 논의와 실증 연구 모두에서 중요한 위치를 차지합니다. 예를 들어, 원격훈련의 효과와 실제 교육 참여자의 달성도에 관한 연구들은, 제도 변화에 따른 참여율 증가와 교육의 질적 향상을 통계적 방법을 통해 분석해왔으며, 이러한 연구 결과는 정부 정책의 효과성을 평가하는 데 활용됩니다. 따라서, 원격훈련 제도의 정립은 단순한 기술적 도입이 아니라, 정부와 기업이 협력하여 새로운 교육 패러다임을 창출한 사례로서 학문적으로도 큰 의의를 지닙니다.\n\n결론적으로, 이 부분에서는 원격훈련 제도의 체계적 정립 과정을 통해, 고용보험과 법률적 기반이 기업 교육 전반에 어떠한 실증적 효과를 미쳤는지를 심도 있게 분석합니다. 이를 통해 우리는 제도적 틀 내에서의 교육 혁신이 단기적 성과에 그치지 않고, 장기적인 학문적 담론과 정책 논의에 어떻게 반영되는지를 이해할 수 있게 됩니다."
    },
    {
      "slideNumber": 8,
      "analysis": "이어서 이러닝과 기업 교육의 역사적 발전 과정을 심층적으로 분석해 보겠습니다. 여기서는 이러닝의 개념이 등장하게 된 배경과 여러 발전 단계를 고찰하며, 법률 및 제도적 변화가 어떻게 이러닝 확산에 기여했는지를 검토합니다. 이러닝은 전자적 수단을 활용한 학습 시스템을 의미하며, 인터넷 기술의 도입과 함께 그 활용도가 급증하였습니다. 특히, 산업발전법과 같은 법규는 이러닝의 제도적 기반을 마련하는 역할을 하였으며, 이를 통해 전국적으로 표준화된 교육 방식이 도입되는 계기를 마련하였습니다.\n\n연구자들은 이러닝의 발전 단계를 시범 단계(1999~2000), 도입 단계(2001~2006), 체계화 단계(2007~2011), 혁신 단계(2012~2017), 그리고 다양화 단계(2018~2025)로 구분해 분석해왔습니다. 이러한 단계 구분은 각 시기의 기술 발전, 정부 정책, 그리고 기업 교육의 요구 변화와 긴밀히 연결되어 있음을 보여줍니다. 예를 들어, 초기 시범 단계에서는 시범사업을 통해 이러닝의 가능성을 모색하였고, 이후 평가 체계 도입 및 제도 개선을 통해 교육의 질적 향상을 목표로 한 다양한 정책들이 시행되었습니다. 이는 학문적 분석에서 교육 혁신과 관련된 실증 연구와도 일맥상통하며, 지속적인 데이터 축적을 통해 그 적합성과 한계를 평가받고 있습니다.\n\n또한, 이러닝의 발전 과정은 국제적 연구 동향과도 맞물려 있으며, Clark과 Mayer(2016) 등의 연구에서 제시된 교육 효과성 분석과 비교 평가가 이루어지고 있습니다. 이러한 연구들은 기술 도입에 따른 효율성과 효과성의 균형, 즉 비용 대비 성과 분석을 통해 이러닝의 실제 교육 효과에 대한 심도 있는 통계적 분석을 시도하였으며, 이후의 정책 결정에도 중요한 영향을 미쳤습니다.\n\n종합하면, 이 부분에서는 이러닝의 발전 단계를 시대별로 명확히 구분하여 정리하고, 각 단계에서 나타난 기술적, 제도적 변환이 기업 교육에 어떠한 영향을 미쳤는지를 학문적으로 분석합니다. 이를 바탕으로, 우리는 이러닝이 단순히 정보 전달 도구를 넘어 조직 학습과 HRD 전략의 핵심 요소로 재편성되는 과정을 이해할 수 있으며, 이는 향후 디지털 교육의 발전 방향에 대한 논의를 위한 중요한 기초 자료로 평가됩니다."
    },
    {
      "slideNumber": 9,
      "analysis": "이번 부분에서는 이러닝이 가진 효과성과 효율성, 그리고 평등(Equality)과 형평성(Equity)의 개념이 어떻게 기업 교육 맥락에서 적용되고 있는지를 중점적으로 분석합니다. 이러닝은 단순히 비용 절감 효과 및 시간적 융통성을 제공하는 것에 그치지 않고, 실제 학습 목표 달성에 있어서 그 효과성 또한 중요한 평가 기준으로 작용합니다. 학문적으로 효과성과 효율성을 동시에 고려하는 연구들은, 기존 전통적 교육 방식과 비교하여 이러닝의 장점을 정량적으로 검증한 결과들을 제시하며, 교육 설계와 평가에서 필수적으로 고려되어야 하는 요소임을 강조합니다.\n\n특히, 이 부분에서는 평등(Equality)와 형평성(Equity)이라는 개념이 교육 정책 및 프로그램 설계에 있어 중요한 기준으로 부각됩니다. 평등은 모든 학습자에게 동일한 교육 기회를 제공하는 것을 의미하며, 형평성은 각 학습자의 필요와 환경에 맞춘 차별화된 지원을 함으로써 교육 효과를 극대화하는 것을 목표로 합니다. 이러한 접근은 Clark과 Mayer(2016)의 연구뿐만 아니라, 다수의 교육 심리학 연구에서 그 타당성이 입증된 바 있습니다.\n\n또한, 초기 이러닝 프로그램 도입 당시에는 학습 효과성에 대한 의구심이 많았으나, 최근에는 Blended Learning, Micro Learning, Social Learning 등 다양한 학습 접근법이 등장하면서 이러닝의 효과성을 재평가하는 움직임이 활발해졌습니다. 이는 교육 효과 측정에 있어서 단순한 양적 지표뿐만 아니라, 학습 만족도, 인지 부하 및 실제 업무 적용 가능성 등 다차원적 평가 항목이 도입되면서, 이론적 토대를 더욱 공고히 하는 결과를 가져왔습니다.\n\n방법론적 측면에서는, 이러닝의 효과성 분석에 있어 통계적 기법과 실험 설계가 중요한 역할을 하며, 교육 참여자 수의 증가와 함께 실제 학습 성과 간의 상관 관계를 정밀하게 분석하는 사례들이 다수 보고됩니다. 또한, 효과성 중심의 교육 프로그램 설계는 전통적 교육 방법과의 비교 연구를 통해 지속적으로 개선되고 있으며, 이는 학문적 논의에서 중요한 주제로 자리 잡고 있습니다.\n\n이와 같이 이번 부분에서는 이러닝 프로그램의 효과성과 효율성을 균형 있게 평가함으로써, 교육의 실효성 제고 및 정책 개선을 위한 학문적 근거를 마련하고, 나아가 교육 자원의 최적 분배와 관련된 심도 있는 논의를 이끌어내고자 합니다."
    },
    {
      "slideNumber": 10,
      "analysis": "이어서, 1999년에서 2006년 사이의 이러닝과 기업 교육의 통합 과정을 다루면서, 원격훈련 제도와 이러닝이 어떻게 기업 내 교육 체계에 조직적으로 도입되었는지를 살펴봅니다. 먼저 원격훈련 제도는 정보통신 기술을 통해 시간과 장소에 구애받지 않는 교육 시스템으로 자리 잡았으며, 이러닝은 그 연장선상에서 디지털 강의를 통한 자기주도 학습 환경을 구축하는 데 주력하였습니다. 이 시기에는 대기업 연수원에서부터 중소형 기업에 이르기까지 다양한 조직에서 원격훈련 및 이러닝 도입의 효과성을 검증하고자 한 실증 연구와 평가 체계를 마련하였습니다.\n\n학문적 관점에서 볼 때, 이 기간은 SOA(서비스 지향 아키텍처)와 같은 최신 기술이 적용되면서 기존 교육 시스템과의 통합, 그리고 평가 체계(기관평가와 콘텐츠평가)의 도입을 통해 교육의 질을 높이기 위한 전략적 전환이 이루어진 시기로 평가됩니다. 평가 체계 도입은 단순히 기술적 요소를 넘어서, 교육 내용의 질적 개선과 조직 전체의 역량 강화에 중점을 두었으며, 이러한 접근 방식은 교육 심리학 및 조직 관리 연구(예: Garrison, Anderson, & Archer, 2000)의 근거와도 일치합니다.\n\n이에 따라, 이 부분에서는 1999~2006년 사이 이러닝 도입 초기 단계에서 대기업과 중소기업 간의 교육 격차 해소, 평가 체계 구축, 그리고 정보통신 기술을 통한 교육 혁신의 전략적 접근을 학문적으로 분석합니다. 이러한 분석은 이후의 정책적 방향과 기업 교육의 지속 가능한 발전 전략 수립에 있어서 중요한 참고 자료로 작용할 것입니다.\n\n종합하면, 이 시기의 접근은 기술 도입의 초기 어려움과 함께 제도적 개선을 통해 교육 효과를 극대화하기 위한 노력이 복합적으로 이루어졌음을 보여주며, 미래의 교육 정책 및 경영 전략 수립에 있어 필수적인 학문적 근거를 제공한다고 할 수 있습니다."
    },
    {
      "slideNumber": 11,
      "analysis": "다음으로, 2007년부터 2011년 사이에 시행된 평생직업능력개발 기본계획을 중심으로 기업 교육 체계의 중장기적 전환 과정을 살펴보겠습니다. 이 시기는 급변하는 산업 환경과 글로벌 경쟁 심화에 따라 국가 차원에서 직업 능력 개발의 중요성이 대두되었으며, 체계적 교육 프로그램의 기획 및 실행에 있어 획기적인 변화가 이루어진 시기로 평가됩니다. 정책적 목표는 양적·질적 개선을 통해 기존의 낮은 참여율(2004년 12.7%에 머무르던 수치)을 극복하고, 대·중소기업 간의 교육 격차 해소를 도모하는 데에 있었습니다.\n\n학문적으로는 이 시기의 정책 방향이 조직 내 인적 자원 개발을 자극하고, 기업 교육의 전반적인 질을 향상시키는 데 기여한 중요한 사례로 분석되어 왔습니다. Best-HRD 인증과 같은 인증 제도의 도입은 학계에서도 조직 학습 및 혁신 관리 연구의 중요한 사례로 자주 언급되며, 정책 실행의 평가 방법론에 있어서도 실증적 분석이 진행되어 왔습니다. 이와 같이, 평생직업능력개발 기본계획은 단기간의 프로그램을 넘어, 조직 전체의 역량 강화와 장기적인 인재 육성을 목표로 삼고 있으며, 이는 경영 전략의 중요한 구성 요소로서 학문적 근거와 실증 자료가 풍부하게 뒷받침됩니다.\n\n또한, 이 시기의 변화는 기업 교육 체계의 질적 향상을 위해 다양한 평가 지표를 도입하고, 정책의 효과성을 측정한 통계적 분석 결과들을 바탕으로 정책 수정 및 보완이 이루어졌다는 점에서, 학문적 분석의 중요한 사례로 평가됩니다. 이러한 통계적 분석은 교육 참여율, 성과 지표, 그리고 조직 내 역량 강화 정도 등을 객관적으로 평가하는 데 사용되었으며, 이는 후속 연구에서도 지속적으로 인용되어 학문적 논의를 풍부하게 만들었습니다.\n\n결론적으로, 이 부분에서는 2007년부터 2011년까지의 평생직업능력개발 기본계획이 기업 교육의 체계적 전환에 기여한 분석 사례를 통해, 국가 정책과 기업의 전략적 인적 자원 관리가 상호 보완적으로 작용하는 과정을 학문적으로 심도 있게 조명합니다."
    },
    {
      "slideNumber": 12,
      "analysis": "이어서 2012년에서 2017년 사이의 이러닝과 기업 교육 혁신 과정을 중심으로, 평생직업능력개발 정책과 함께 등장한 다양한 학습 방식의 융합적 적용에 대해 논의합니다. 이 시기에는 배움카드제, Social Learning, Blended Learning, Micro Learning 등 다양한 교육 혁신 전략이 도입되었으며, 이는 디지털 전환과 맞물려 기업 교육의 새로운 전환점을 마련하였습니다. \n\n학문적으로 본다면, 이러한 변화는 기존의 전통적 교육 방식에서 벗어나, 학습자의 적극적 참여와 상호작용을 중시하는 구성주의 학습 이론과 밀접하게 연계됩니다. 배움카드제와 같은 정부 지원 제도는 근로자의 직업 능력 향상을 위한 체계적인 지원 정책으로, 이는 경제적 위기 이후 변화된 글로벌 표준에 부응하는 전략적 선택으로 평가받고 있습니다. 다양한 학술 연구에서는 이와 같은 교육 혁신이 교육 효과를 극대화하는 동시에, 개인 맞춤형 학습 환경 제공을 통해 조직의 역량 강화에 미치는 영향을 정량적으로 분석해왔습니다.\n\n방법론적 측면에서는, 이 시기에 제시된 각 교육 전략들이 구체적인 실행 과정과 정책 목표를 바탕으로 구분되어 있으며, 통계적으로도 참여율 및 효과성 증진에 관한 자료가 축적되고 있습니다. 이러한 분석은 교육 학술지 및 정부 연구 보고서에서 다수 인용되었으며, 정책 입안에 중요한 학문적 근거로 작용합니다. \n\n요약하자면, 2012년에서 2017년은 다양한 학습 방식의 혁신적 결합을 통해 이러닝 혁신을 도모한 시기로, 정부 주도의 평생교육 및 직업능력개발 정책이 교육 현장에서 실질적 변화를 이끌어낸 사례로 평가할 수 있습니다. 이러한 변화는 후속 강의에서 다룰 2018년 이후의 전략적 변화와 디지털 및 혁신 교육 모델의 발전에 대한 이해를 돕는 중요한 전환점이 됩니다."
    },
    {
      "slideNumber": 13,
      "analysis": "다음으로, 2018년부터 2025년까지 진행될 직업능력개발 기본계획 및 교육 혁신 전략을 중심으로, 미래 지향적 기업 교육 모델의 방향성을 학문적으로 조망합니다. 이 시기에는 PBL(Problem-Based Learning)을 비롯한 문제 중심 학습, K-Digital Training, FLEX 및 아카이브 사업 등 여러 혁신적 프로그램이 도입되어, 디지털 기술과 교육 콘텐츠가 융합된 새로운 학습 플랫폼이 등장하고 있습니다. \n\n학문적 논의에서는 이러한 변화가 기존의 교육 패러다임을 어떠한 방식으로 재구성하는지, 그리고 실증적 연구 결과를 통해 어떤 효과를 확인할 수 있는지를 분석합니다. PBL은 학습자가 실질적인 문제를 해결함으로써 지식을 능동적으로 구성하는 학습 방법론으로, 조직 내 혁신과 창의성 고취에 중요한 역할을 합니다. K-Digital Training 및 중소기업 지원 사업은 디지털 전환 시대의 필수 조건인 기술 역량 강화를 목표로 하며, 이는 정보통신 기술(ICT)의 발전과 맞물려 기업 경쟁력 제고라는 전략적 목표와도 일치합니다.\n\n또한, 이 기간의 교육 계획은 국가 차원의 대규모 동원과 정책적 지원을 바탕으로 하여, 긴 호흡의 변화와 지속적인 개선을 목표로 합니다. 학문적 연구에서는 이러한 장기계획의 성공 여부를 평가하기 위해 다양한 계량적 및 질적 분석 기법을 적용해 왔으며, 구체적 실증 자료와 함께 정책의 효과성을 지속적으로 모니터링하는 체계를 구축하였습니다.\n\n결론적으로, 이 부분에서는 미래 직업능력개발 계획을 중심으로 기업 교육의 혁신 전략과 그 실행 과정을 학문적으로 고찰하며, 이를 통해 디지털 학습 환경의 확장과 기업 경영 전략의 융합적 발전 방향을 제시하고자 합니다."
    },
    {
      "slideNumber": 14,
      "analysis": "이후 강의에서는 이러닝의 근본적 개념과 역사적 발전을 재점검하며, 전통적인 교육 방식에서 디지털 교육으로의 전환 과정을 면밀히 검토합니다. 이러닝은 전자적 매체와 인터넷을 활용하여 시간과 장소의 제약 없이 학습 경험을 제공하는 혁신적 교육 시스템으로, 초기 인터넷 보급과 함께 1990년대부터 급속히 발전해 왔습니다. 특히, 코로나19 팬데믹을 기점으로 이러닝의 필요성과 중요성이 더욱 부각되었으며, 기업들은 이를 통해 비용 절감, 교육 효율성 제고, 그리고 학습 효과 증대를 동시에 추구하고 있습니다.\n\n학문적으로 볼 때, 이러닝의 발전은 구성주의 학습 이론과 상호작용주의 교육 철학에 근거하여 발전해왔다는 점에서 중요한 논의 대상이 됩니다. 다수의 연구에서는 이러닝이 단순한 정보 전달 수단을 넘어, 학습자가 직접 지식을 구축하고 상호작용하는 역동적 학습 환경을 제공함으로써, 전통적 교수법의 한계를 극복하는 효과를 보인다는 결과를 제시하고 있습니다. 또한, 이러닝 프로그램의 성공적인 운영을 위해서는 안정적인 기술 인프라와 지속적인 콘텐츠 관리가 필수적임을 여러 실증 연구에서 강조하고 있습니다.\n\n이 부분에서는 또한 이러닝 프로그램의 재무적 효과성과 질적 평가에 관한 여러 통계적 데이터를 언급하며, 기업 내에서 이러닝의 활용도가 증가하고 있음을 다양한 연구의 근거를 통해 제시합니다. 이러한 분석은 단순한 비용-효과 분석을 넘어서, 학습자 만족도, 전환율, 그리고 조직 전체의 생산성 향상과도 연계되어 논의됩니다. 이와 같이 이러닝은 기술 발전과 교육 이론의 융합을 통해 현대 기업 교육의 핵심 동력으로 자리 잡아가고 있음을 학문적으로 재조명할 수 있습니다.\n\n따라서, 이 부분은 이러닝의 기술적, 제도적, 그리고 학문적 배경을 종합적으로 고찰함으로써, 기업들이 직면한 교육 혁신의 도전 과제와 그 해결 방안을 심도 있게 논의하고자 하는 학문적 의의를 지니고 있습니다."
    },
    {
      "slideNumber": 15,
      "analysis": "다음으로, 두 인터넷 훈련기관인 ‘크레듀(멀티캠퍼스)’와 ‘휴넷’의 사례를 통해, 이러닝 기업 교육의 구체적 적용 사례와 경제적 성과에 대해 학문적으로 접근하고자 합니다. 이들 기관은 각각 대기업 및 공공기관 중심의 교육 서비스를 제공하며, HRD 컨설팅과 이러닝 플랫폼 운영에서 두드러진 성과를 기록하고 있습니다. 재무적 수치 측면에서 크레듀는 향후 예상 매출이 수천 억 원대에 육박하는 반면, 휴넷은 상대적으로 소규모 시장을 타깃으로 하고 있음을 보여주고 있습니다. \n\n학문적 논의에서는 이러한 사례를 통해 교육 기관의 전문화와 시장 포지셔닝의 차이가 기업 교육의 전략적 방향성에 어떠한 영향을 미치는지를 분석합니다. 재무 데이터는 기관의 성장 가능성과 교육 시장 내 경쟁력 평가의 중요한 지표로 활용되며, 이는 동시에 교육 서비스의 질적 평가와도 연계됩니다. 학계에서는 두 기관의 사례를 비교 분석함으로써, 기술 혁신, 고객 맞춤형 서비스 제공 및 조직 내 학습 효과의 차이에 대해 심도 있는 연구를 진행해왔으며, 이와 관련된 이론적 배경은 디지털 경제와 네트워크 효과 분석 연구(Shapiro & Varian, 1999)와 일치합니다.\n\n또한, 이 사례 분석은 교육 기관이 제공하는 콘텐츠의 질, 고객 만족도, 그리고 장기적 재무 안정성을 평가하는 데 있어서도 중요한 학문적 자료로 활용될 수 있습니다. 두 기관의 운영 방식과 전략적 선택은 기업 교육의 미래 발전 방향에 대한 중요한 시사점을 제공하며, 향후 연구에서는 질적 데이터와 정량적 데이터의 복합 분석을 통해 보다 정밀한 평가가 이루어져야 할 필요성이 제기되고 있습니다.\n\n요약하자면, 이 부분에서는 두 인터넷 훈련기관의 구체적 사례를 통해, 교육 서비스 제공과 재무적 성과 간의 상관 관계 및 차별화된 전략적 접근을 학문적으로 재조명함으로써, 디지털 시대 기업 교육의 발전 방향을 제시하고자 합니다."
    },
    {
      "slideNumber": 16,
      "analysis": "이어서, ‘유비온’과 ‘유밥’이라는 두 인터넷 훈련기관 사례에 주목하여, 각 기관이 추구하는 전문화 전략과 교육 제공 방식의 차이를 학문적으로 비교 분석합니다. 유비온은 전통적인 금융기관 및 대규모 교육 플랫폼 구축에 주력하는 반면, 유밥은 마이크로 러닝 및 스마트 러닝과 같은 최신 학습 방식 채택을 통해 보다 유연하고 개별화된 교육 프로그램을 운영하고 있습니다. 이러한 대조적인 접근 방식은 각각의 기관이 목표로 하는 고객층, 시장 전략, 그리고 기술 도입 수준에서 뚜렷한 차이를 보이며, 이는 학술적 논의에서 ‘전문화와 분화’의 관점으로 분석될 수 있습니다.\n\n학문적 배경에서는, 정보화 시대의 교육 혁신 및 디지털 전환과 관련해 두 기관의 사례는 다양하게 인용되어 왔으며, 각 기관의 재무적 성과 데이터(예상 매출, 시장 점유율 등)는 이를 객관적으로 평가하는 데 중요한 자료로 활용됩니다. 예를 들어, 유비온은 2024년 예상 매출이 수백 억 원대에 이를 것으로 전망되는 반면, 유밥은 2023년 기준으로 비교적 낮은 매출을 기록하고 있어, 이들 기관의 성장 가능성과 전략적 차이를 명확히 보여줍니다.\n\n또한, 두 기관 모두 기술 혁신과 맞물린 교육 방식 개선을 추진하면서, 글로벌 교육 시장의 변화와 국내의 학습 트렌드를 동시에 반영하고 있습니다. 학계에서는 이와 같은 사례를 통해, 디지털 교육 플랫폼이 단순한 정보 전달 수단을 넘어서, 전략적 인적 자원 개발 도구로서 어떤 역할을 수행할 수 있는지를 심도 있게 논의하고 있으며, 이는 직무 교육 및 HRD에 관한 다양한 연구(예: Noe, 2010)와도 밀접한 관련이 있습니다.\n\n요약하면, 이 부분에서는 유비온과 유밥의 사례 분석을 통해, 각 기관이 추구하는 교육 방식과 목표 시장, 그리고 기술 적용 전략의 차이를 학문적으로 재조명하며, 이를 통해 디지털 시대에 요구되는 교육 기관의 전문 발전 및 시장 대응 전략에 대한 심도 있는 논의를 제시합니다."
    },
    {
      "slideNumber": 17,
      "analysis": "다음 구간에서는 LG인화원과 포스코인재창조원과 같은 자체 훈련기관을 중심으로, 대기업 내부에서 추진되는 맞춤형 인재 개발 프로그램과 교육 체계의 학문적 의의를 살펴봅니다. 이들 기관은 각 기업의 전략적 목표에 부합하는 교육 프로그램을 개발 및 운영하여, 조직의 지속 가능한 성장과 경쟁력 강화를 목표로 합니다. 학문적 분석에서는 이들 자체 훈련기관이 단순한 교육 서비스 제공을 넘어서, 기업의 핵심 가치와 문화, 그리고 경영 전략과의 접목을 통해 고유의 교육 모델을 구축하고 있음을 보여줍니다.\n\n특히, 자체 훈련기관은 외부 교육 기관과 달리, 회사 내부의 특수한 요구와 상황에 맞춘 커스터마이즈드 교육 프로그램을 제공한다는 점에서, 전략적 인적 자원 관리 및 조직 학습 이론과 밀접하게 연결됩니다. 다양한 연구에서는 이러한 자체 교육 프로그램이 조직의 혁신 역량 강화, 내부 커뮤니케이션 활성화, 그리고 장기적 인재 육성에 미치는 긍정적 효과를 정량적, 정성적으로 분석하고 있으며, 이는 학문적 담론에 있어서 중요한 사례로 인용되고 있습니다.\n\n따라서, 이 부분은 기업 내부의 인재 개발 및 맞춤형 교육 전략이 어떻게 구성되고 실행되는지를 심도 있게 분석하며, 각 기관의 운영 방식과 성공 사례를 바탕으로 현장의 노하우와 이론적 틀 사이의 상호 보완 관계를 학문적으로 고찰합니다."
    },
    {
      "slideNumber": 18,
      "analysis": "이번 부분에서는 삼성의 두 가지 이러닝 플랫폼 사례를 중심으로, AI와 LLM(대규모 언어 모델) 기술이 기업 교육의 진화에 어떠한 기여를 하고 있는지를 심도 있게 분석합니다. 첫 번째 사례인 삼성 디스커버리는 내부 교육 플랫폼을 기반으로, AI 기술과 LLM을 활용하여 맞춤형 학습 콘텐츠를 제공하고 있으며, 이를 통해 교육의 개인화 및 학습 효율성을 극대화하고 있습니다. 두 번째 사례인 삼성 플러스는 외부 네트워크와 결합하여 글로벌 시장을 겨냥한 이러닝 서비스를 전개, 제일기획과 협력을 통해 광고 및 마케팅 전략과 연계된 교육 모델을 구축하는 등, 하이브리드 접근 방식의 대표적 예로 볼 수 있습니다.\n\n학문적으로, 이러한 사례들은 AI 및 디지털 기술이 전통적 교육 모델에 혁신적 전환을 일으킬 수 있음을 보여주며, 교육학과 경영 전략 연구에서도 중요한 연구 주제로 다뤄지고 있습니다. 특히, 인공지능의 도움을 받아 개인 맞춤형 학습 경로를 설계하는 과정은 학습 이론의 최신 연구와 밀접한 관련이 있으며, 이는 실증 연구를 통해 다양한 수치와 결과로 뒷받침되고 있습니다. 또한, 두 사례 모두 구체적인 실행 사례 및 기술적 적용 과정을 통해, 디지털 전환 시대의 기업 교육이 단순히 온라인 강의 제공을 넘어, 고도화된 데이터 분석과 AI 기술 융합을 통해 조직의 역량 강화에 기여하는 모습을 보여줍니다.\n\n이와 같이, 삼성의 이러닝 사례는 학문적 담론에서 기술 혁신과 교육 효과 사이의 연결 리스크와 가능성을 동시에 탐구하는 데 중요한 참고 자료로 평가될 수 있습니다. 구체적 데이터의 부재에도 불구하고, 사례 분석은 AI와 이러닝이 결합된 새로운 교육 패러다임이 어떻게 기존의 교육 모델을 재편할 수 있는지에 대한 증거를 제공하며, 향후 이 분야의 연구 확장 가능성을 제시합니다."
    },
    {
      "slideNumber": 19,
      "analysis": "이어서, 인터넷의 강점을 활용한 기업 교육 및 고용보험 제도와 같은 제도적 지원 체계가 한국의 교육 및 경제 환경에 어떠한 영향을 미치고 있는지를 종합적으로 분석합니다. 역사적 발전 과정을 통해, 초기 기술 도입부터 시작해 제도적 경직성이 존재하던 시기를 지나, 차츰 효율성과 효과성의 구분 속에서 교육 혁신이 이루어진 사례들을 살펴봅니다. 이러한 접근은 글로벌 경쟁력 강화와 함께 제도적 개선을 통해 기업의 학습 환경이 어떻게 변화해 왔는지를 설명합니다.\n\n학문적 관점에서는, 효율성과 효과성의 구분은 단순 비용 절감 차원을 넘어서, 교육의 실질적 학습 결과와 조직의 전략적 자원 관리 측면에서 명확히 구분되어야 한다는 점을 강조합니다. 이에 따라, 각종 정책적 제도 개편과 AI 중심의 혁신 보상 전략 등이 도입되었으며, 이는 고용보험 제도의 안정성과 정부 주도의 전략 변화와도 긴밀히 연관되어 있습니다. 관련 연구들은 이러한 제도적 변화가 국내외 경제환경과 어떻게 상호 작용하는지를 다각도로 분석해 왔으며, 본 강의에서는 이를 심도 있게 탐구할 예정입니다.\n\n결론적으로, 이 부분에서는 한국의 인터넷 인프라와 제도적 장치를 통한 이러닝 기업 교육의 장점과 한계를 논의하며, 제도적 경직성을 극복하고 효율성과 효과성을 동시에 만족시키기 위한 개선 방안을 학문적으로 제시합니다. 이를 통해, 우리는 국제적 경쟁 속에서도 지속 가능한 기업 교육 및 인적자원 개발 전략의 방향성을 모색할 수 있습니다."
    },
    {
      "slideNumber": 20,
      "analysis": "마지막으로, ‘참고 문헌’이라는 단순 텍스트로 제시된 이 부분은, 본 강의에서 다룬 모든 이론적 논의, 실증 연구 및 정책적 사례의 학문적 근거 자료를 명시하는 역할을 합니다. 비록 구체적인 수치나 분석 결과는 포함되어 있지 않더라도, 참고 문헌은 강의 전반에 걸쳐 제시된 주장과 데이터가 기존의 확립된 연구 및 논문들과 긴밀히 연계되어 있음을 분명히 하며, 학문적 엄밀성을 보증하는 중요한 요소로 작용합니다.\n\n학문적 논의에서는, 참고 문헌을 통해 강의에서 인용된 다양한 이론(예: 구성주의 학습 이론, 네트워크 효과, HRD 관련 연구)과 실증 연구(Clark & Mayer, 2016; Senge, 1990 등)의 신뢰성을 검증할 수 있으며, 이는 직접적인 데이터 분석 및 정책 평가와 상호 보완적으로 작용합니다. 또한, 이러한 참고 문헌은 향후 연구자들이 본 강의에서 제시된 주제에 대해 보다 심도 있는 후속 연구를 수행할 수 있는 길잡이 역할을 하게 됩니다. \n\n결론적으로, 이 마지막 부분은 학문적 담론과 이론적 토대를 재확인하는 동시에, 강의 내용의 객관성과 신뢰성을 보증하는 중요한 역할을 수행합니다. 본 강의 전반에 걸쳐 제시된 다양한 논의와 사례들이, 기존의 학술 문헌과 어떻게 연결되고 확장될 수 있는지를 보여주는 핵심적 증거 자료임을 강조하며, 참석자 여러분이 향후 연구 및 실무 적용에서 해당 참고 문헌들을 적극적으로 활용할 수 있도록 안내하는 역할을 합니다."
    }
  ]
}