{
  "slides": [
    {
      "slideNumber": 1,
      "text": [
        "한국에서 인터넷 기반",
        "기업교육",
        "발표자",
        ":",
        "임재환",
        "소   속",
        ":",
        "㈜",
        "유비온"
      ],
      "images": [
        {
          "path": "D:/REC_Maker_local/sessions/0037939025231b72a72e0adc5f45be3d/extracted_content/slide-01.png"
        }
      ]
    },
    {
      "slideNumber": 2,
      "text": [
        "목차"
      ],
      "images": [
        {
          "path": "D:/REC_Maker_local/sessions/0037939025231b72a72e0adc5f45be3d/extracted_content/slide-02.png"
        }
      ]
    },
    {
      "slideNumber": 3,
      "text": [
        "기업교육의 정의",
        ".",
        "기업교육은 기업의 경영목표와 전략을 달성하기 위해 임직원의 역량을 개발하고 강화하는 교육 활동을 말함",
        "(",
        "협의의 정의",
        ")",
        ".",
        "광의의 정의로는 기업에 필요로 하는 인력을 양성하는 것까지 포괄",
        ".",
        "기업교육은 단순한 교육훈련 범주를 넘어 인적자원개발",
        "(HRD)",
        "범주로 확장되었고",
        ",",
        "개인개발",
        ",",
        "경력개발",
        ",",
        "조직개발을 포괄",
        ".",
        "기업교육은 공통역량",
        ",",
        "직무역량",
        ",",
        "리더십역량",
        "개발로 구성",
        ".",
        "기업교육의 유형은 집체교육",
        ",",
        "혼합교육",
        ",",
        "이러닝 등 형식교육과 코칭",
        ",",
        "멘토링 등 비형식교육",
        ", OJT",
        "와 같은 경험교육 등으로 구분된다",
        ". ATD",
        "에는",
        "70:20:10",
        "의 법칙으로 관련 현상을 정립"
      ],
      "images": [
        {
          "path": "D:/REC_Maker_local/sessions/0037939025231b72a72e0adc5f45be3d/extracted_content/slide-03.png"
        }
      ]
    },
    {
      "slideNumber": 4,
      "text": [
        "한국에서 인터넷 도입 이전의 기업교육",
        "(1960",
        "년대",
        "~1970",
        "년대",
        ")",
        ".",
        "한국에서 기업교육은",
        "1960",
        "년대부터 본격화된 산업화와",
        "‘",
        "경제개발",
        "5",
        "개년 계획",
        "＇",
        "으로 시작됨",
        ".",
        "대부분의",
        "OECD",
        "국가에서 노동조합의 요구로 기업교육이 활성화한 것과 달리",
        ",",
        "한국은 기업과 정부 주도로 기업교육이 이루어짐",
        ".",
        "이 시기 대기업은 기술훈련소와 연수원을 만들어 숙련기능공 양성과 육성에 집중함",
        ".",
        "정부는",
        "1967",
        "년",
        "‘",
        "직업훈련기본법",
        "’",
        "을 제정하여 산업인력 양성과 육성을 지원",
        ".",
        "삼성은",
        "1957",
        "년 삼성인력개발원을 설립하여 본격적인 기업교육을 시작함",
        ". 1957",
        "년 한국생산성본부가 설립되고",
        "1958",
        "년 전문기관의 기업교육이 시작됨",
        "한국능률협회는",
        "1962",
        "년",
        "설립되어 주요한 기업교육 기관으로 자리매김",
        ".",
        "이 시기 교육은 대면교육 중심으로 강의실 교육과 현장 실습 위주로 진행됨",
        ". 1960",
        "년대에는 기계 조작",
        ",",
        "공정관리",
        ",",
        "품질관리 등 제조업 관련 기술교육이 주를 이룸",
        ". 1970",
        "년대에는 중화학공업 발전 전략에 따라 대규모 공장 관리와 관리자 교육이 본격화됨"
      ],
      "images": [
        {
          "path": "D:/REC_Maker_local/sessions/0037939025231b72a72e0adc5f45be3d/extracted_content/slide-04.png"
        }
      ]
    },
    {
      "slideNumber": 5,
      "text": [
        "한국에서 인터넷 도입 이전의 기업교육",
        "(1980",
        "년대",
        "~ 1990",
        "년대",
        ")",
        ". 1980",
        "년대 중화학공업 고도화와 전자산업 등의 발전으로 공학인력과 기술인력 수요가 급증함",
        ".",
        "기업들은 대학 등에서 배출되는 인력으로는 어려워서 자체적으로 기업교육 투자를 장기간 수행함",
        ".",
        "이런 기조는",
        "1997",
        "년 외환위기까지 지속됨",
        "-&gt;",
        "대기업을 중심으로",
        "3~6",
        "개월 신입교육훈련이 일반화됨",
        ". 1997",
        "년 외환위기 이후 글로벌 스탠다드가 수용되었고 전체적으로 신입연수 기간이 축소되고",
        "OJT",
        "위주의 성과중심 기업교육으로 전환됨",
        ".",
        "더불어 글로벌 경쟁력을 제고하기 위한 외국어 교육과 국제경영 교육이 활발하게 이루어짐",
        ". 1990",
        "년대 중반 이후 멀티미디어를 활용한 교육과",
        "CBT",
        "가 본격적으로 도입됨"
      ],
      "images": [
        {
          "path": "D:/REC_Maker_local/sessions/0037939025231b72a72e0adc5f45be3d/extracted_content/slide-05.png"
        }
      ]
    },
    {
      "slideNumber": 6,
      "text": [
        "한국에서 인터넷 도입 이전의 기업교육",
        ":",
        "시청각 교육과",
        "CBT",
        ".",
        "시청각 기기와 자료의 발달에 따라 기업교육에 접목",
        ". TV",
        "를 기기로 하여",
        "1980",
        "년대 비디오테이프",
        ", 1990",
        "년대",
        "CD-ROM",
        "방식으로 진화함",
        "-&gt;",
        "해외",
        "Best Practice",
        "를 교육하는데 적합",
        "-&gt;",
        "신입사원 입문 교육 이외에 전문 역량교육에도 활용",
        ". 1990",
        "년대 중반",
        "PC",
        "보급과 더불어",
        "CD-ROM",
        "방식을 넘어",
        "CBT",
        "도입",
        ".",
        "여기서",
        "CBT",
        "는 네트워크가 없는 컴퓨터 활용 교육이며",
        ",",
        "주어진 콘텐츠와 프로그램을 통해 부분적 상호작용을 할 수 있음",
        ".  CBT",
        "를 통해 인터넷 기반 기업교육의 방향성이 설정됨"
      ],
      "images": [
        {
          "path": "D:/REC_Maker_local/sessions/0037939025231b72a72e0adc5f45be3d/extracted_content/slide-06.png"
        }
      ]
    },
    {
      "slideNumber": 7,
      "text": [
        "원격훈련 제도의 정립",
        ". 1995",
        "년 고용보험에 기반한 직업능력개발 제도 도입",
        ". 1999",
        "년",
        "‘",
        "근로자직업훈련촉진법",
        "’",
        "제정 시행",
        "-&gt;",
        "제",
        "5",
        "조",
        "3",
        "항에 원격훈련 최초 명문화",
        ". 1999",
        "년 및",
        "2000",
        "년 원격훈련 시범사업 및 제도 연구",
        ". 2001",
        "년 본격적으로 원격훈련 도입",
        "-&gt;",
        "자체교육과 위탁교육",
        ",",
        "인터넷훈련과 우편통신훈련으로 각각 범주화",
        ". 2000",
        "년경 원격훈련기관 설립 활성화",
        "-&gt; 1999",
        "년",
        ":",
        "휴넷",
        ",",
        "알파코",
        "-&gt; 2000",
        "년",
        ":",
        "유비온",
        ",",
        "크레듀",
        "(",
        "멀티캠퍼스",
        "),",
        "고려아카데미"
      ],
      "images": [
        {
          "path": "D:/REC_Maker_local/sessions/0037939025231b72a72e0adc5f45be3d/extracted_content/slide-07.png"
        }
      ]
    },
    {
      "slideNumber": 8,
      "text": [
        "이러닝과 기업교육의 역사적 발전",
        ".",
        "원격교육",
        ",",
        "인터넷교육 등은 이러닝이라는 국제 표준어로 정돈",
        ". 2004",
        "년",
        "‘",
        "이러닝",
        "(",
        "전자학습",
        ")",
        "산업발전법",
        "‘",
        "제정 및 시행",
        ".",
        "고용노동부에서는 국제 표준어 제정에도 불구하고 다양한 법",
        ".",
        "제도 명문화와 역사적 사정으로 원격훈련",
        ",",
        "인터넷교육 등의 명칭 지속 사용",
        ".",
        "이러닝 기업교육은 다음과 같은 역사적 발전 단계로 구분할 수 있음",
        ". 1999~2000",
        "년",
        ":",
        "시범 단계",
        ". 2001~2006",
        "년",
        ":",
        "도입 단계",
        ". 2007~2011",
        "년",
        ":",
        "체계화 단계",
        ". 2012~2017",
        "년",
        ":",
        "혁신 단계",
        ". 2018~2025",
        "년",
        ":",
        "다양화 단계"
      ],
      "images": [
        {
          "path": "D:/REC_Maker_local/sessions/0037939025231b72a72e0adc5f45be3d/extracted_content/slide-08.png"
        }
      ]
    },
    {
      "slideNumber": 9,
      "text": [
        "기업교육에서 이러닝의 효율성과 효과성",
        ".",
        "이러닝의 효율성",
        "(efficiency)",
        "과 효과성",
        "(effectiveness)",
        "이 지속적으로 이슈화됨",
        "-&gt;",
        "교육에서",
        "Equality",
        "와",
        "Equity",
        "이슈와 유비됨",
        ".",
        "기업교육에서 이러닝의 효율성은 초기부터 긍정적으로 평가됨",
        "-&gt;",
        "자료",
        ":",
        "이러닝 훈련생 수의 증가",
        "’",
        "02",
        "년",
        "197",
        "만명 → ’",
        "04",
        "년",
        "218",
        "만명 → ’",
        "06",
        "년",
        "308",
        "만명",
        ".",
        "기업교육에서 이러닝의 효과성은 초기부터 부정적으로 평가됨",
        "-&gt;",
        "효과성 중심의 집합교육과 효율성 중심의 이러닝으로 구분되는 경향",
        "(2011",
        "년까지",
        ")",
        ". 2012",
        "년 이후 효과성을 제고하는 이러닝 혁신 추진",
        "-&gt; Blended Learning, Micro Learning, Social Learning",
        "등 도입",
        "-&gt;",
        "이러닝에서 에듀테크",
        "(EdTech)",
        "로 전환 현상"
      ],
      "images": [
        {
          "path": "D:/REC_Maker_local/sessions/0037939025231b72a72e0adc5f45be3d/extracted_content/slide-09.png"
        }
      ]
    },
    {
      "slideNumber": 10,
      "text": [
        "이러닝과 기업교육",
        ": 1999~2006",
        ".",
        "원격훈련제도 형식으로 기업교육에 이러닝 도입",
        "-&gt;",
        "대기업 연수원들은 원격훈련 자체교육 방식으로 고용보험 활용",
        "-&gt; SOA",
        "형식의 사이버연수원 개념으로 위탁교육 방식 진화",
        "-&gt;",
        "초기에는 대기업 중심이었으나 중견",
        ".",
        "중소기업으로 점진적 확대됨",
        "-&gt;",
        "기관평가와 콘텐츠평가로",
        "질관리",
        "체계 도입",
        ".",
        "원격훈련 위탁교육 방식은 인터넷훈련과 우편통신훈련으로 구분",
        "-&gt;",
        "독서훈련 전통에 기반한 우편통신훈련은 인터넷훈련 형식으로 진화",
        ".",
        "한국이러닝기업연합회",
        "설립",
        "(2003",
        "년",
        ")",
        "및 제도 개선 논의",
        "-&gt;",
        "제도적 경직성을",
        "유연화하는",
        "방향으로 개선"
      ],
      "images": [
        {
          "path": "D:/REC_Maker_local/sessions/0037939025231b72a72e0adc5f45be3d/extracted_content/slide-10.png"
        }
      ]
    },
    {
      "slideNumber": 11,
      "text": [
        "이러닝과 기업교육",
        ": 2007~2011",
        ".",
        "제",
        "1",
        "차 평생직업능력개발 기본계획",
        "(2007~11)",
        "시행",
        "-&gt;",
        "체계적 직업능력개발 제도화",
        "-&gt;",
        "국가전략산업 모방",
        ".",
        "추격 전략에서 선도 전략으로 변화",
        "-&gt;",
        "양",
        ".",
        "질 모두에서 개선 방향",
        "(‘04",
        "년 직업능력개발 참여율",
        "12.7%",
        "에 불과",
        ")",
        "-&gt;",
        "대",
        ".",
        "중소기업간 격차 해소 방향",
        "-&gt; Best-HRD",
        "인증",
        ".",
        "정부실패 영역과 시장실패 영역 판단",
        ":",
        "콘텐츠 공급체계 개선",
        ".",
        "대기업 연수원 중심으로 제도 경직성을 탈피한 혁신 노력"
      ],
      "images": [
        {
          "path": "D:/REC_Maker_local/sessions/0037939025231b72a72e0adc5f45be3d/extracted_content/slide-11.png"
        }
      ]
    },
    {
      "slideNumber": 12,
      "text": [
        "이러닝과 기업교육",
        ": 2012~2017",
        ".",
        "제",
        "2",
        "차 평생직업능력개발 기본계획",
        "(2012~17)",
        "시행",
        "-&gt;",
        "융합형 인재",
        "20",
        "명 양성",
        ",",
        "직업능력개발 참여율",
        "20%",
        "목표",
        "-&gt;",
        "내일배움카드제",
        "도입으로 구직자 훈련 활성화",
        ". 2015",
        "년",
        "직업능력심사평가원",
        "설립으로 이러닝 기업교육 혁신",
        "-&gt; Social Learning, Blended Learning, Micro Learning",
        "등 이러닝 혁신",
        "-&gt;",
        "이러닝",
        "질관리",
        "체계 강화",
        ".",
        "연수원 및 위탁훈련기관의 전략 다양화 진행"
      ],
      "images": [
        {
          "path": "D:/REC_Maker_local/sessions/0037939025231b72a72e0adc5f45be3d/extracted_content/slide-12.png"
        }
      ]
    },
    {
      "slideNumber": 13,
      "text": [
        "이러닝과 기업교육",
        ": 2018~2025",
        ".",
        "제",
        "3",
        "차 직업능력개발 기본계획",
        "(2018~22)",
        "시행",
        "-&gt; 4",
        "차 산업혁명에 부합하는 직업능력개발 체계로 혁신",
        "-&gt; PBL",
        "등 훈련형태 혁신",
        "-&gt;",
        "기업주도 형식과 개인주도 형식 병렬적 지원",
        "cf.",
        "국민내일배움카드",
        "제도 시행",
        "(‘20)",
        ".",
        "제",
        "4",
        "차 직업능력개발 기본계획",
        "(2023~27)",
        "시행",
        "-&gt;",
        "첨단산업 인력 양성 집중",
        "-&gt; K-Digital Training",
        "강화",
        ".",
        "중소기업 이러닝 활성화를 위한 플랫폼 사업 도입",
        ": FLEX,",
        "아카이브 사업",
        ". K-Digital Training",
        "이러닝 형식 사업 도입",
        ": KDC"
      ],
      "images": [
        {
          "path": "D:/REC_Maker_local/sessions/0037939025231b72a72e0adc5f45be3d/extracted_content/slide-13.png"
        }
      ]
    },
    {
      "slideNumber": 14,
      "text": [
        "Info",
        ":",
        "기업교육에서 이러닝 활용도 추세"
      ],
      "images": [
        {
          "path": "D:/REC_Maker_local/sessions/0037939025231b72a72e0adc5f45be3d/extracted_content/slide-14.png"
        }
      ]
    },
    {
      "slideNumber": 15,
      "text": [
        "인터넷 훈련기관",
        ": generalist –",
        "크레듀",
        ",",
        "휴넷",
        "[",
        "크레듀",
        "(",
        "멀티캠퍼스",
        ")]",
        ".",
        "삼성그룹 관계사",
        ".",
        "코스닥 상장사",
        ".",
        "대기업",
        ",",
        "공공기관 중심의 이러닝 서비스 및",
        "HRD",
        "컨설팅에 중점",
        ".",
        "최근",
        "K-Digital Training",
        "사업의 선도기업으로 위치",
        "cf.",
        "삼성청년",
        "SW",
        "아카데미",
        "(SSAFY)",
        ". 2024",
        "년 매출",
        ": 3,316",
        "억",
        "[",
        "휴넷",
        "]",
        ".",
        "대기업",
        ",",
        "공공기관 중심의 이러닝 서비스 및",
        "HRD",
        "컨설팅에 중점",
        ".",
        "최근 중소기업 중심 플랫폼",
        "FLEX,",
        "아카이브 및",
        "CEO",
        "교육에 집중",
        ".",
        "경영",
        "MBA, Micro Learning",
        "등에 강점",
        ". 2023",
        "년 매출",
        ": 859",
        "억"
      ],
      "images": [
        {
          "path": "D:/REC_Maker_local/sessions/0037939025231b72a72e0adc5f45be3d/extracted_content/slide-15.png"
        }
      ]
    },
    {
      "slideNumber": 16,
      "text": [
        "인터넷 훈련기관",
        ": specialist –",
        "유비온",
        ",",
        "유밥",
        "[",
        "유비온",
        "]",
        ".",
        "코스닥 상장사",
        ".",
        "은행",
        ",",
        "증권사 등 금융기관 이러닝 서비스에 특화",
        ". 2010",
        "년 이후 학습플랫폼",
        "SW",
        "기업",
        "(",
        "에듀테크기업",
        ")",
        "으로 중심 이동",
        ". K-MOOC, EBS",
        "등 공공기관",
        ",",
        "연세대학교 등 대학",
        ",",
        "삼성전자 등 대기업의 학습플랫폼 개발 및 운영",
        ". 2024",
        "년 매출",
        ": 332",
        "억",
        "[",
        "유밥",
        "]",
        ". Micro Learning",
        "및 스마트러닝에 특화된",
        "2",
        "세대 인터넷 훈련기관",
        "cf. 2010",
        "년 설립",
        ".",
        "최근 구독형 교육 등 다양한 혁신 추진",
        ". 2023",
        "년 매출",
        ": 116",
        "억"
      ],
      "images": [
        {
          "path": "D:/REC_Maker_local/sessions/0037939025231b72a72e0adc5f45be3d/extracted_content/slide-16.png"
        }
      ]
    },
    {
      "slideNumber": 17,
      "text": [
        "자체 훈련기관",
        ": LG",
        "인화원",
        ",",
        "포스코인재창조원"
      ],
      "images": [
        {
          "path": "D:/REC_Maker_local/sessions/0037939025231b72a72e0adc5f45be3d/extracted_content/slide-17.png"
        }
      ]
    },
    {
      "slideNumber": 18,
      "text": [
        "이러닝 기업교육의 미래",
        ":",
        "삼성전자",
        "[Case 1 :",
        "삼성 디스커버리",
        "]",
        ".",
        "삼성전자",
        "DS",
        "부문 내부 이러닝 플랫폼",
        ". University",
        "개념으로 개발",
        ".",
        "운영되고 있고",
        "2025",
        "년 제도 변화로 학부를 넘어 석",
        ".",
        "박사 과정까지 포괄",
        ".",
        "자체",
        "LLM",
        "등을 활용한",
        "AI",
        "역량 제고에 노력",
        "[Case 2 :",
        "삼성 플러스",
        "]",
        ".",
        "삼성전자",
        "DX",
        "부문 외부 이러닝 플랫폼",
        ".",
        "전세계 딜러",
        "네크워크에",
        "결합한 이러닝 서비스",
        ".",
        "제일기획 홍보 및 광고 전략과 결합된 이러닝 서비스",
        ".",
        "차세대",
        "AIED",
        "개념 설정"
      ],
      "images": [
        {
          "path": "D:/REC_Maker_local/sessions/0037939025231b72a72e0adc5f45be3d/extracted_content/slide-18.png"
        }
      ]
    },
    {
      "slideNumber": 19,
      "text": [
        "시사점",
        ".",
        "잘된 점",
        "-&gt;",
        "한국의 인터넷 강점을 기업교육에 광범위하고 빠르게 적용하여 기업교육의 효율성을 제고한 점",
        "-&gt;",
        "고용노동부의 고용보험제도와 연계하여 체계적으로 이러닝 기업교육을 한 사례는 글로벌 강점",
        "-&gt;",
        "이러닝 기업교육의 글로벌 혁신을 끊임없이 수용하려는 태도는 긍정적",
        ".",
        "잘못된 점",
        "-&gt; 2011",
        "년까지 제도적 경직성이 강해 혁신을 저해하고 결과적으로 글로벌 경쟁우위를 상실",
        "-&gt;",
        "이러닝의 효율성과 효과성을 명확히 구분하여 제도적 강",
        ".",
        "단점을 적용하지 못한 점",
        ".",
        "시사점",
        "-&gt; AI",
        "접목에서는 자율성과",
        "혁신성",
        "중심의 제도화 요구",
        "-&gt;",
        "혁신 보상을 강화하는",
        "넛지",
        "전략 필요"
      ],
      "images": [
        {
          "path": "D:/REC_Maker_local/sessions/0037939025231b72a72e0adc5f45be3d/extracted_content/slide-19.png"
        }
      ]
    },
    {
      "slideNumber": 20,
      "text": [
        "참고 문헌"
      ],
      "images": [
        {
          "path": "D:/REC_Maker_local/sessions/0037939025231b72a72e0adc5f45be3d/extracted_content/slide-20.png"
        }
      ]
    }
  ]
}